Review,Score,ThumbsUpCount,ReviewCreatedVersion,ReplyContent,AppVersion
"PROSES PENDAFTARAN NYA ERROR PAS SUDAH SELESAI AMBIL FOTO KTP DAN DIRI SENDIRI TIBA TIBA KELUAR DAN NGULANG LAGI, UDAH 6X DIULANG ULANG",1,0,2.2.13,"Hai Cuan Troopers, mohon maaf atas kendalanya. Tim SPOT terus berupaya meningkatkan performa aplikasi. Pastikan sudah pakai versi terbaru & coba jaringan lain. Bila masih bermasalah, Mohon untuk menghubungi nomor berikut +62 811-8675-881. Terima kasihâ˜ºï¸ğŸ™ğŸ»",2.2.13
"Sangat Mudah untuk pemula, dan ramah admin memandu pelayanan nya",5,2,2.2.13,"Halo Cuan Troopers, terima kasih untuk reviewnya. Apabila ada kendala atau ada yang ingin ditanyakan silahkan menghubungi nomor berikut +62 811-8675-881.â˜ºï¸ğŸ™ğŸ»",2.2.13
"akun saya kok gak bisa withdraw, muncul kalimat ini ""Akun tidak diperbolehkan untuk melakukan transaksi Mutual Fund"". ini gimana cara benerinnya biar bisa withdraw",5,1,2.2.12,"Halo Cuan Troopers, mohon maaf terkait dengan kendala yang dialami. Apabila sedang melakukan transaksi jual maka tidak bisa melakukan withdraw. Apabila masih kurang jelas silahkan menghubungi nomor berikut +62 811-8675-881.â˜ºï¸ğŸ™ğŸ»",2.2.12
"saya exit dulu dari akun AZ, kendala sinyal tidak stabil padahal pakai aplikasi saham lainnya lancar aja, padahal saya suka aplikasi ini, tolong perbaiki masalah sinyal ini ğŸ™",5,4,,"Halo Cuan Troopers, mohon maaf atas kendala yang dialami. Silakan coba: 1) Logout aplikasi, 2) Clear cache dengan menutup semua aplikasi, 3) Ganti koneksi (WiFi â†” mobile data), 4) Login kembali dengan memasukkan user ID & password secara manual. Sekiranya masih ada kendala boleh whatsapp mimin ke nomor ini (+62 811-8675-881)",
"hp sy tdk support aplikasi terbaru...ğŸ˜¢, apakah aplikasi lama bisa di download lg.",3,0,,"Halo Cuan Troopers, mohon maaf atas ketidaknyamannya. Terkait dengan kendala yang dialami bisa diatasi dengan memakai SPOT Dekstop melalui link berikut https://www.sucorsekuritas.com/ . Semoga membantuğŸ™ğŸ»â˜ºï¸",
tolong dipermudah klo pesan ipo. Jgn lewat web. Langsung pesan di aplikasi kayak yg lain.,1,0,,"Hallo Cuan Troopers, mohon untuk ketidaknyamannya. Untuk pemesanan IPO sudah bisa dilakukan dari aplikasi SPOT dan apabila kendala boleh whatsapp ke nomor ini (+62 811-8675-881).",
"ga bisa upload foto KTP ini, tahap registrasi nya tertunda",1,0,,"Halo Cuan Troopers, mohon maaf untuk ketidaknyamannya. Terkait dengan kendala yang dialami diusahahkan untuk mengupload foto KTP dengan gambar yang jelas, namun apabila masih ada kendala bisa menghubungi nomor whatsapp ini (+62 811-8675-881). ğŸ™ğŸ»â˜ºï¸",
"udah WD dari jam 10 sampe sekarang dana belom kekirim, berapa lama ya?",1,1,2.2.2,"Halo Cuan Troopers, mohon maaf atas ketidaknyamanannya. Proses WD: 1) Input 06:00â€“09:40 WIB (hari kerja) diproses 10:00 WIB, 2) Input 10:00â€“14:40 WIB (hari kerja) diproses 15:00 WIB. Apabila masih mengalami kendala bisa hubungi nomor whatsapp ini (+62 811-8675-881). Semoga membantuğŸ™ğŸ»â˜ºï¸",2.2.2
"Proses pendaftaran rumit, kurang ketersediaan pilihan pekerjaaan (karena tidak semua orang bekerja di sektor formal, tidak semua orang menerima uang dari orang tua, tidak semua orang dapat warisan dll). Saya sudah memberikan data sumber penghasilan masih di tolak. Anehnya, saya sudah membuat akun sekuritas di beberapa sekuritas besar lainnya dan hanya butuh beberapa jam untuk akun saya aktif, sebaliknya di Sucor saya membutuhkan beberapa hari dan pembuatan akun ditolak.",1,18,2.2.5,"Halo Cuan Troopers, mohon maaf untuk kendala yang dialami. Apabila masih mengalami kendala bisa hubungi nomor whatsapp ini (+62 811-8675-881). Semoga membantuğŸ™ğŸ»â˜ºï¸",2.2.5
zonk,1,0,2.2.3,"Hai Cuan Troopers, mohon maaf atas kendalanya. Tim SPOT terus berupaya meningkatkan performa aplikasi. Pastikan sudah pakai versi terbaru & coba jaringan lain. Bila masih bermasalah, hubungi helpdesk kami via WhatsApp di +6282112346896",2.2.3
ğŸ‘,5,0,2.2.2,"Terima kasih banyak atas review positifnya Cuan Troopers, Kak! Kami senang SPOT bisa jadi teman investasi Kakak. Masukan dan dukungan seperti ini sangat berarti bagi kami untuk terus berkembang.",2.2.2
"proses deposit nya lama, withdrawl nya malah lebih lama lagi.. mohon di perbaiki, terutama proses WD nya, kalau ada keperluan mendadak biar lebih cepat cairnya.. ğŸ™",2,5,2.2.2,"Hai Kak, mohon maaf atas kendalanya. Tim SPOT terus berupaya meningkatkan performa aplikasi. Pastikan sudah pakai versi terbaru & coba jaringan lain. Bila masih bermasalah, hubungi helpdesk kami via WhatsApp di +6282112346896",2.2.2
kalo uangnya a udah gede knapa susah pencairanya harus ada verivikasi dana masuk lagi juga,1,9,2.2.2,"Hai Kak, mohon maaf atas kendalanya. Tim SPOT terus berupaya meningkatkan performa aplikasi. Pastikan sudah pakai versi terbaru & coba jaringan lain. Bila masih bermasalah, hubungi helpdesk kami via WhatsApp di +6282112346896",2.2.2
"registrasi akun sangat sulit, pengajuan di terima tapi tidak mendapatkan email userID password dan pin.. sudah lapor ke CS tapi jawaban muter2 doang hingga berhari2 atau mungkin emang gk di proses..",1,1,2.2.1,"Hai Cuan Troopers, mohon maaf atas kendala saat registrasi. Kami pastikan proses pembuatan akun sedang kami evaluasi agar lebih cepat & jelas. Jika belum menerima email, silakan hubungi kembali helpdesk via WA di +6282112346896 atau email ke customerservice@sucorsekuritas.com ğŸ™",2.2.1
"Untuk buka Akun Sulit,Kecamatan dan kota terpencil gk ketemu jadi gk bisa ke proses selanjutnya",1,0,,"Hai Cuan Troopers, mohon maaf atas kendala saat pembukaan akun. Jika wilayah belum tersedia di sistem, silakan kirim detailnya ke helpdesk WA +6282112346896 atau email ke customerservice@sucorsekuritas.com agar bisa kami bantu prosesnya lebih lanjut. Terima kasih atas laporannya ğŸ™",
"payah aplikasinya tidak bisa dibuka, cs tidak respon",1,0,2.0.14,"Hai Kak, mohon maaf atas pengalaman kurang menyenangkan. Kami terus berupaya meningkatkan stabilitas aplikasi dan respons layanan. Silakan hubungi helpdesk via WA +6282112346896 atau email ke customerservice@sucorsekuritas.com agar bisa segera kami bantu ğŸ™",2.0.14
Lagi eror ya ?? sampai kapan perbaikannya??,4,1,2.1.14,"Halo Cuan Troopers, mohon maaf atas kendala yang terjadi. Saat ini kami di tahap perbaikan setelah perpindahan data center yang diperlukan untuk membuat UX kami lebih baik lagi kedepannya. Untuk sementara, bisa menggunakan aplikasi kami yang lama atau SPOT desktop yang tidak terpengaruh oleh perpindahan data center tersebut. Semoga membantu :)",2.1.14
kecewa.. sering login eror pas open market.. fingerprint macet padahal ga rusak hpku.,1,4,2.1.14,,2.1.14
untuk bank withdraw bisa pake bank digital seperti superbank dll ga? dan bisa beli ipo lagsung dari aplikasi ga?,5,10,2.1.13,,2.1.13
"selalu ""tidak ada koneksi internet""",1,1,2.1.13,,2.1.13
"Saya isi deposit dari akun BCA ke BRI (RDN di spot) tetapi tidak masuk, padahal sudah tanya cs katanya rek nya dari situ tapi ga masuk, gimana nih",1,0,,"Hallo Cuan Troopers,

Mohon maaf atas kendala yang dialami oleh Cuan Troopers. Terkait hal tersebut, silahkan menghubungi nomor dari Tim Online Trading 0811-8675-881 agar dibantu untuk penyelesainnya. Terima kasih #StrongerTogether #SpottedYou",
Bintang 5,5,0,2.1.10,"Hi Cuan Troopers, Terima kasih atas kepercayaannya kepada SPOT by Sucor Sekuritas! Kami akan terus meningkatkan kualitas layanan kami #StrongerTogether #SpottedYou",2.1.10
Buat buka app sekarang susah bangetttt. Muncul tulisan Koneksi internet tidak ada. Padahal sinyal full. Jadi pgn uninstall,1,10,2.1.10,"Halo Cuan Troopers, terima kasih atas ulasan nya. Kami mohon maaf atas ketidaknyamanan yang Anda alami. Anda dapat mencoba hal berikut seperti clear cache terlebih dahulu, kemudian restart HP nya dan rubah jaringan menjadi mobile data.",2.1.10
Aplikasi dengan menu lengkap,5,7,2.1.10,"Hi Cuan Troopers, Terima kasih atas kepercayaannya kepada SPOT by Sucor Sekuritas! Kami akan terus meningkatkan kualitas layanan kami #StrongerTogether #SpottedYou",2.1.10
"saya kasih bintang 1 karena saat mau buka akun sangat sulit dan banyak error, mulai tidak ada koneksi internet padahal wifi saya normal, pada saat tiba di halaman tanda tangan muncul error berwarna merah dan tidak keterangan apa pun, untuk kedepannya jika mengembangkan aplikasi bisa di test berkali kali hingga siap, sehingga tidak menjadi masalah dikemudian hari",1,14,2.1.8,"Halo Cuan Troopers, terima kasih atas ulasan nya. Kami mohon maaf atas ketidaknyamanan yang Anda alami. Anda dapat mencoba hal berikut seperti clear cache terlebih dahulu, kemudian restart HP nya dan rubah jaringan menjadi mobile data.",2.1.8
Aplikasi sekuritas yg user friendly. Mudah dipahami untuk semua level. Banyak fitur yg memudahkan. Segera download dan rasakan perbedaannya,5,14,2.1.7,Terima kasih atas rating dan ulasannya! Kami sangat menghargai masukan Anda dan akan terus berusaha meningkatkan kualitas kami.,2.1.7
"5 saja tidak cukup, harusnya â­â­â­â­â­â­â­â­â­â­â­â­â­â­â­â­â­â­â­â­â­â­â­â­â­â­â­â­â­â­â­â­â­â­â­â­â­â­â­â­â­â­â­â­â­â­â­â­â­â­â­â­â­â­â­â­ dst...",5,0,2.1.7,Terima kasih atas rating dan ulasannya! Kami sangat menghargai masukan Anda dan akan terus berusaha meningkatkan kualitas kami.,2.1.7
Sekuritas terbaik dan terlengkap,5,0,2.1.7,Terima kasih atas rating dan ulasannya! Kami sangat menghargai masukan Anda dan akan terus berusaha meningkatkan kualitas kami.,2.1.7
Aplikasi SPOT By Sucor Sekuritas cepat dan terbaik ! ğŸ‘,5,5,2.1.8,Terima kasih atas rating dan ulasannya! Kami sangat menghargai masukan Anda dan akan terus berusaha meningkatkan kualitas kami.,2.1.8
"Hapuss ajaa,, Ribettt mereka,,,",1,0,2.1.7,"Halo Cuan Troopers, terima kasih atas ulasan nya. Kami mohon maaf atas ketidaknyamanan yang Anda alami. Masukan Anda sangat berharga bagi kami. Kami akan untuk terus melakukan perbaikan agar dapat memberikan layanan yang lebih baik.",2.1.7
"2 tahun trading pakai sucor aplikasi ringan jarang gangguan so far Masukan : kalo bisa total bid offer dijumlahkan semua bukan hanya yg nampak, karena sy scalper pakai analisa bid offer sangat butuh itu..alhasil sucor menjadi pilihan ke 2 utk utk swing trading santai.. Nanti aku kasih â­5 kalau saran ini wujudkan..",4,5,2.1.7,Terima kasih atas rating dan ulasannya! Kami sangat menghargai masukan Anda dan akan terus berusaha meningkatkan kualitas kami.,2.1.7
"UI nya doang bagus. Tiap buka app harus login ulang, dan login pakai fingerprintnya selalu eror, jdi harus input password terus. Ribet. Jdi males transaksi pke ini app",2,8,2.1.7,"Halo Cuan Troopers, terima kasih atas ulasan nya. Kami mohon maaf atas ketidaknyamanan yang Anda alami. Masukan Anda sangat berharga bagi kami. Kami akan untuk terus melakukan perbaikan agar dapat memberikan layanan yang lebih baik.",2.1.7
Mantap banget,5,0,,Terima kasih atas rating dan ulasannya! Kami sangat menghargai masukan Anda dan akan terus berusaha meningkatkan kualitas kami. :),
Belum ada akun saham syariah dengan rdn jago syariah atau BSI. Tampilkan logo emiten perusahaan agar tampilan lebih kekinian.,1,0,2.1.4,"Halo Cuan Troopers, terima kasih atas ulasan nya. Kami mohon maaf atas ketidaknyamanan yang Anda alami. Masukan Anda sangat berharga bagi kami. Kami akan untuk terus melakukan perbaikan agar dapat memberikan layanan yang lebih baik.",2.1.4
mantap,5,0,2.1.5,Terima kasih atas rating Anda! Kami sangat menghargai masukan Anda dan akan terus berusaha meningkatkan kualitas kami.,2.1.5
Kok saya tdk bisa login??? Saya sdg tutup olt dan mau buka sdh bbrp bulan kok tidak bisa,2,0,,"Halo Cuan Troopers, terima kasih atas ulasan nya. Kami mohon maaf atas ketidaknyamanan yang Anda alami. Pastikan Anda sudah menggunakan aplikasi SPOT terbaru (SPOT by Sucor Sekuritas). Masukan Anda sangat berharga bagi kami. Kami akan untuk terus melakukan perbaikan agar dapat memberikan layanan yang lebih baik.",
Menurutku sekuritas dgn aplikasi yg paling efisien..,5,0,,,
(Mantab),5,0,2.1.4,,2.1.4
Gak di rekomendasiin banget buat yang mau buka sucor. 1. Depo dan WD lama d terima 2. Ada saldo mengendap 3. Buat log in sering kali error,1,2,,"Halo Cuan Troopers, terima kasih atas ulasan nya. Kami mohon maaf atas ketidaknyamanan yang Anda alami. Masukan Anda sangat berharga bagi kami. Kami akan untuk terus melakukan perbaikan agar dapat memberikan layanan yang lebih baik.",
History transaksi kurang detail. Tidak ada keterangan harga beli/jual dan jumlah lot,3,1,2.1.3,"Halo Cuan Troopers, untuk melihat transaction history, Anda dapat melihat di aplikasi SPOT -> Portfolio -> Historical. Terimakasih",2.1.3
de,1,1,2.1.3,,2.1.3
"Ada menu baru fast trade tp masih suka ngelag dan perlu sering di refresh manual, klik portofolio di screen fast trade jg numpuk dgn klik menu login tolong segera diperbaiki & dicarikan solusi Tolong tambahkan Average & jumlah lot saham yg dibeli di screen fast trade.",4,6,2.1.3,,2.1.3
Alhamdulillah,3,0,,"Halo Cuan Troopers, terima kasih atas ulasan nya. Masukan Anda sangat berharga bagi kami. Kami akan untuk terus melakukan perbaikan agar dapat memberikan layanan yang lebih baik.",
Baik,5,0,2.1.2,,2.1.2
"Saran, 1. untuk top up RDN masuknya berpuluh"" menit, semoga kedepannya bisa masuk on time, 2. Untuk penjualan semoga pas mau menjual di angka yang diinginkan sudah tertera gain bersihnya, 3. Semoga withdrawn RDN bisa dilakukan weekend, maupun tanggal merah",4,0,,,
Deposit/top up dari DANA ke RDN lama banget sampainy..,2,0,2.1.3,"Halo Cuan Troopers, terima kasih atas ulasan nya. Masukan Anda sangat berharga bagi kami. Kami akan untuk terus melakukan perbaikan agar dapat memberikan layanan yang lebih baik.",2.1.3
bagus banget,5,1,,,
Like 200 kali,5,0,2.1.2,,2.1.2
"Saya update aplikasi Spot terbaru , 3 juni 24 saya Withdraw tapi setelah itu aplikasi sulit dibuka sampe hari ini , kalo Login pake sidik jari selalu muncul tulisan : Terjadi kesalahan , lalu saya ulangi dan saya harus nulis ID dan Password , lalu muncul tulisan : ""Tidak ada koneksi internet"" , padahal saat itu jaringan internet baik2 saja dan saya bisa Trading lancar dgn Aplikasi dari sekuritas lain. Kesulitan buka aplikasi Sucor juga dialami saudara saya yg tinggal di Yogya. Tolong solusinya",5,26,2.1.1,,2.1.1
Aplikasi mudah digunakan,5,1,2.1.1,,2.1.1
Tidak tertarik,1,0,,"Halo Cuan Troopers, terima kasih atas ulasan nya. Masukan Anda sangat berharga bagi kami. Kami akan untuk terus melakukan perbaikan agar dapat memberikan layanan yang lebih baik.",
Aplikasinya bagus. Namun rdn bri nya bs masuk 2 hari ketika kita transfer,4,0,,,
Mau masuk aja di persulit,1,3,,"Halo Cuan Troopers, terima kasih atas ulasan nya. Kami mohon maaf atas ketidaknyamanan yang Anda alami. Anda dapat mencoba hal berikut seperti clear cache terlebih dahulu, kemudian restart handphone Anda dan rubah jaringan menjadi mobile data.",
"Gagal login di jam market, karena aplikasi eror ""tidak ada koneksi internet"". Padahal wifi stabil di aplikasi lain",1,22,2.1.0,"Halo Cuan Troopers, terima kasih atas ulasan nya. Kami mohon maaf atas ketidaknyamanan yang Anda alami. Anda dapat mencoba hal berikut seperti clear cache terlebih dahulu, kemudian restart HP nya dan rubah jaringan WIFI menjadi mobile data.",2.1.0
Sangat bagus,5,0,2.1.0,,2.1.0
"Pas buka dengan wifi selalu muncul ""tidak ada koneksi internet""",2,8,2.1.0,"Halo Cuan Troopers, terima kasih atas ulasan nya. Kami mohon maaf atas ketidaknyamanan yang Anda alami. Anda dapat mencoba hal berikut seperti clear cache terlebih dahulu, kemudian restart HP nya dan rubah jaringan WIFI menjadi mobile data.",2.1.0
"Dari dulu sampai sekarang aplikasinya selalu sama, dibuat maintenance hingga gak bisa dibuka setelah jam market, bayangkan aja kalo misalnya perlu tarik dana RDN tapi gak bisa hanya karena aplikasi memang dibuat maintenance, more than that the apps feature already better",2,18,2.0.16,"Halo Cuan Troopers, terima kasih atas ulasan nya. Masukan Anda sangat berharga bagi kami. Kami akan untuk terus melakukan perbaikan agar dapat memberikan layanan yang lebih baik.",2.0.16
Mantap,5,0,,,
"Mau login ko tidak ada koneksi internet terus, kenapa ya? Masalahnya dmn ya kak mkasih",1,5,2.0.16,"Halo Cuan Troopers, terima kasih atas ulasan nya. Kami mohon maaf atas ketidaknyamanan yang Anda alami. Anda dapat mencoba hal berikut seperti clear cache terlebih dahulu, kemudian restart handphone Anda dan rubah jaringan Anda menjadi mobile data.",2.0.16
Aplikasi nya Gelap,1,1,,"Halo Cuan Troopers, terima kasih atas ulasan nya. Masukan Anda sangat berharga bagi kami. Kami akan untuk terus melakukan perbaikan agar dapat memberikan layanan yang lebih baik.",
Ui update semakin ğŸ‘ğŸ‘ğŸ‘,5,0,2.0.16,,2.0.16
"Sore Pak/Bu, kalau mau mendapatkan data untuk pengisian SPT download dimana ya?",4,0,,,
Mantabz.. menunya banyak,5,0,2.0.15,,2.0.15
"Tampilannya jauh lebih friendly yang sekarang, good job",5,25,2.0.14,,2.0.14
Mantap sangat,5,0,2.0.13,,2.0.13
"Coba di order book nya disertakan hrga open high low L.high L.low , apalagi skalian disertakan running trade nya wah pasti mantap tuh",5,0,2.0.13,,2.0.13
"Pak, mohon petunjuk cara untuk mengganti no rekening yg sudah terdaftar cara nya bagaimana?",5,0,2.0.13,,2.0.13
Suka eror beda sma yg lama,3,0,2.0.13,"Halo Cuan Troopers, terima kasih atas ulasan nya. Masukan Anda sangat berharga bagi kami. Kami akan untuk terus melakukan perbaikan agar dapat memberikan layanan yang lebih baik.",2.0.13
"Apakah PT sucor mempunyai group telegram mengadakan sistem ""titip dana"" ?",5,0,2.0.13,,2.0.13
Bagus,5,1,2.0.13,,2.0.13
masih di coba,4,1,,,
Sangat membantu sekali,5,0,2.0.12,,2.0.12
"aplikasi yang sangat membantu sekali, CS support cepat tanggap saat ada keluhan, nggak lemot buat dipake trading",5,9,2.0.11,,2.0.11
Tolong Tambah list saham IPO min,5,0,2.0.12,,2.0.12
ada bug di fingger print nya,3,3,2.0.12,"Halo Cuan Troopers, terima kasih atas ulasan nya. Masukan Anda sangat berharga bagi kami. Kami akan untuk terus melakukan perbaikan agar dapat memberikan layanan yang lebih baik",2.0.12
"Sangat simpel, aplikasi yg sangat bagus sekali",5,0,2.0.11,,2.0.11
"Aktivasi finger gak bisa, notifnya salah paswword, jelas2 paswordnya sudah sesuai, sampai bolak balik login buat pastikan pasword",1,10,2.0.12,"Halo Cuan Troopers, terima kasih atas ulasan nya. Masukan Anda sangat berharga bagi kami. Kami akan untuk terus melakukan perbaikan agar dapat memberikan layanan yang lebih baik",2.0.12
Salam cuan,5,0,2.0.11,,2.0.11
Mantappp lebih mudah,5,0,2.0.10,,2.0.10
Gimana cara daftar nya...?,4,1,2.0.10,,2.0.10
The best,5,1,2.0.4,,2.0.4
Kadang susah akses,3,0,2.0.9,"Halo Cuan Troopers, terima kasih atas ulasan nya. Kami mohon maaf atas ketidaknyamanan yang Anda alami. Anda dapat mencoba hal berikut seperti clear cache terlebih dahulu, kemudian restart handphone Anda dan rubah jaringan Anda menjadi mobile data.",2.0.9
Good,5,0,1.0.5,,1.0.5
Mantap aplikasi yg pas buat trader yg ingin cuan lebih karena ada *****nyal saham ya yg josss,5,0,2.0.9,,2.0.9
Kalo bisa RDN jangan cuma BCA saja Gunakan RDN LAIN JUGA,3,0,2.0.9,"Halo Cuan Troopers, terima kasih atas ulasan nya. Kami mohon maaf atas ketidaknyamanan yang Anda alami. Jika Anda ingin menggunakan RDN selain BCA. Anda dapat memilih RDN Permata dan di bagian ""nama bank pribadi"" dapat mengisi RDN sesuai dengan keinginan Cuan Troopers",2.0.9
"Setelah di update app nya makin oke, next ditunggu tampilan broksumnya, supaya bisa kek app sebelahğŸ˜",5,2,2.0.9,,2.0.9
"Tambah mantul dgn intgrasi akun saham dan Reksadana, ditambah lagi menu bandarmology nya, wuih istimewa aplikasi yang satu ini",5,1,2.0.9,"Hi Cuan Troopers,
Thank you for your excellent feedback. If you have any other suggestions, we would love to know how we can keep improving and strengthen the trust within our community.
#StrongerTogether #SpottedYou",2.0.9
Jd males deposit d sucor. Ada saldo ngendap.,2,0,2.0.8,"Halo Cuan Troopers, terima kasih atas ulasan nya. Masukan Anda sangat berharga bagi kami. Kami akan untuk terus melakukan perbaikan agar dapat memberikan layanan yang lebih baik",2.0.8
Bagus tampilan nya fast order nd withdraw cepat.. Saya harap untuk masuk keluar dana RDN nya juga harus bagus buat pengguna akun sekuritas ini.. ğŸ˜ƒğŸ‘Œ,4,3,2.0.8,,2.0.8
"Fee brokernya mahal gk kayak di sebelah.. Buy 0.25%. Sell 0,35%",3,0,2.0.7,"Halo Cuan Troopers, terima kasih atas ulasan nya. Masukan Anda sangat berharga bagi kami. Kami akan untuk terus melakukan perbaikan agar dapat memberikan layanan yang lebih baik",2.0.7
"Mau withdraw tapi prosesnya sangat lama,sudah 8 hari belum slesai jg",1,2,2.0.7,"Halo Cuan Troopers, terima kasih atas ulasan nya. Masukan Anda sangat berharga bagi kami. Kami akan untuk terus melakukan perbaikan agar dapat memberikan layanan yang lebih baik",2.0.7
Menu untuk saham e-ipo kok gak ada ya,1,0,2.0.7,"Halo Cuan Troopers, terima kasih atas ulasan nya. Masukan Anda sangat berharga bagi kami. Fitur e-IPO akan launching segera di aplikasi SPOT by Sucor Sekuritas",2.0.7
"Tolong WD bisa dihari yang sama dong, dikenain admin saja jika penarikan belum T+2",5,0,2.0.7,,2.0.7
Good job,5,0,2.0.7,,2.0.7
"notif FINGERPRINT loe itu NGANGGU BENGET BEGO, saat klik accept langsung LOGOUT dan NOT RESPONDING serta adanya saldo ngendap 100k! Lebih baik cabut aja, untung gue belon deposit!!",1,3,2.0.6,"Halo Cuan Troopers, terima kasih atas ulasan nya. Masukan Anda sangat berharga bagi kami. Kami akan untuk terus melakukan perbaikan agar dapat memberikan layanan yang lebih baik",2.0.6
"Kasih fitur dark mode & light dong,biar ga gelap",5,0,2.0.7,,2.0.7
sering putus koneksi internetnya,2,1,2.0.6,"Halo Cuan Troopers, terima kasih atas ulasan nya. Kami mohon maaf atas ketidaknyamanan yang Anda alami. Anda dapat mencoba hal berikut seperti clear cache terlebih dahulu, kemudian restart handphone Anda dan rubah jaringan Anda menjadi mobile data.",2.0.6
Sebaiknya adakan tambahan taking profit dan stop Close menggunakan persentase,4,0,2.0.6,,2.0.6
Mantaaappp,5,0,2.0.4,,2.0.4
Sudah mendukung fitur2 untuk para trader.. Hanya saja pergerakan jumlah bid offer nya tidak real time,5,1,2.0.2,,2.0.2
Saldo mengendap?,1,0,2.0.2,,2.0.2
"Saya suka Aplikasi ini, semoga fiturÂ²nya tambah berkembang lagi",5,0,,,
Aplikasi terlalu lemot....terlalu berat....sering loading terus terutama saat di orderbook....tidak pantas jadi sekuritas,1,9,2.0.0,"Halo Cuan Troopers, terima kasih atas ulasan nya. Masukan Anda sangat berharga bagi kami. Kami akan untuk terus melakukan perbaikan agar dapat memberikan layanan yang lebih baik. Pastikan anda sudah menggunakan aplikasi SPOT terbaru (SPOT by Sucor Sekuritas)",2.0.0
Sangat puas,5,1,1.7.0,"Hai Cuan Troopers,
Terima kasih atas kepercayaannya kepada Sucor Sekuritas!
#StrongerTogether #SpottedYou",1.7.0
Sekuritas bagus,5,1,1.7.0,"Hai Cuan Troopers,
Terima kasih atas kepercayaannya kepada Sucor Sekuritas!
#StrongerTogether #SpottedYou",1.7.0
Keren nih screening nya nambah,5,0,1.7.0,"Hai Cuan Troopers,
Terima kasih atas kepercayaannya kepada Sucor Sekuritas!
#StrongerTogether #SpottedYou",1.7.0
"Udah bagus aplikasi nya apalagi untuk filter urut porto, cuma bikin bisa lock filternya, ga balik lagi ke urut abjab kalo udah klik pilih, kalo kita klik lagi pilihan lagi lagi baru sesuai yg kita klik. Ngerti ya. Kalo udah update lagi baru kasih bintang 5.",3,4,,"Halo Cuan Troopers, terima kasih atas ulasan nya. Masukan Anda sangat berharga bagi kami. Kami akan untuk terus melakukan perbaikan agar dapat memberikan layanan yang lebih baik",
"Cash withdraw dibawah pukul 11.30 tidak masuk pada hari itu juga Alias telat masuk padahal cuma witdraw ratusan ribu, hemm , dan harus ada saldo yg mengendap,kayak Rek tabungan bank. Gak sperti sekuritas lain withdraw cepet masuk dan gak ada tuh harus ada saldo mengendap.",2,16,1.6.1,"Halo Cuan Troopers, terima kasih atas ulasan nya. Masukan Anda sangat berharga bagi kami. Kami akan untuk terus melakukan perbaikan agar dapat memberikan layanan yang lebih baik",1.6.1
Tolong untuk daftar full online ditambahkan bank selain BCA seperti bank mandiri dan lainnya,4,0,,,
"User friendly, ngga lemot dan simpel, sangat membantu untuk para pemula yg ingin berinvestasi di pasar modal. Keren!",5,6,1.5.0,"Hi Cuan Troopers,
Thank you for your excellent feedback. If you have any other suggestions, we would love to know how we can keep improving and strengthen the trust within our community.
#StrongerTogether #SpottedYou",1.5.0
"Tolong tambah fitur ubah rekening diaplikasi seperti ajaib Tolong untuk ubah rek penarikan dana supaya tidak harus kirim dokumen fisik, cukup dg email dan verifikasi dgn telpon saja... tolong tambah fitur ubah rekening",1,14,1.4.1,"Halo Cuan Troopers, terima kasih atas ulasan nya. Masukan Anda sangat berharga bagi kami. Kami akan untuk terus melakukan perbaikan agar dapat memberikan layanan yang lebih baik. Pastikan Anda sudah menggunakan aplikasi SPOT terbaru (SPOT by Sucor Sekuritas)",1.4.1
"Proses withdraw lama, sudah T+3 harus menunggu H+1.",1,0,1.4.0,"Halo Cuan Troopers, terima kasih atas ulasan nya. Mohon maaf atas ketidaknyaman nya. Masukan Anda sangat berharga bagi kami. Kami akan untuk terus melakukan perbaikan agar dapat memberikan layanan yang lebih baik",1.4.0
"Aplikasi terasa berat, susah saat buy dan sell",3,0,1.4.0,"Halo Cuan Troopers, terima kasih atas ulasan nya. Masukan Anda sangat berharga bagi kami. Kami akan untuk terus melakukan perbaikan agar dapat memberikan layanan yang lebih baik. Pastikan Anda sudah menggunakan aplikasi SPOT terbaru (SPOT by Sucor Sekuritas)",1.4.0
Mantap..!!!,5,1,,"Hi Cuan Troopers,
Thank you for your excellent feedback. If you have any other suggestions, we would love to know how we can keep improving and strengthen the trust within our community.
#StrongerTogether #SpottedYou",
"Tampilan aplikasi ok, perlu ditingkatkan fitur lainnya untuk lebih melengkapi aplikasinya.",5,0,,"Hi Cuan Troopers,
Thank you for your excellent feedback. If you have any other suggestions, we would love to know how we can keep improving and strengthen the trust within our community.
#StrongerTogether #SpottedYou",
Registrasi tidak jelas tapi belum dapat otp/linknya di email...,2,2,1.3.0,,1.3.0
Saya uda daftar kenapa gk si ACC sukses gimana saya uda daftar di acc brapa lama lagi,5,0,1.3.0,"Hi Cuan Trooper, mohon hubungi Customer Service di WA +62 821 1234 4721 agar dapat dibantu dengan masalah terkait akun nya ya. Happy trading!",1.3.0
Bagus...,5,0,1.2.0,"Hi Cuan Troopers,
Thank you for your excellent feedback. If you have any other suggestions, we would love to know how we can keep improving and strengthen the trust within our community.
#StrongerTogether #SpottedYou",1.2.0
"Baru daftar saja sudah ribet, mungkin kuotanya sudah penuh ğŸ¤«",3,3,1.2.0,,1.2.0
terusb erkembang & bertumbuh.......,5,1,,"Hi Cuan Troopers,
Thank you for your excellent feedback. If you have any other suggestions, we would love to know how we can keep improving and strengthen the trust within our community.
#StrongerTogether #SpottedYou",
Aplikasi sangat bagus.pitur sya sangat suka. Tapi aplikasi nya masih kurang smoth.untuk pindah dari menu ke menu lain. Dan untuk fast order nya terkadang terasa.berat..semoga kedepan nya.semakin smoth dan cepat. Trimaksih sucor,4,13,,"Hi Cuan Troopers,
Thank you for your excellent feedback. If you have any other suggestions, we would love to know how we can keep improving and strengthen the trust within our community.
#StrongerTogether #SpottedYou",
"Kenapa registrasi tidak bisa?, katanya sudah teregistrasi Gmail nya.",2,1,1.1.2,,1.1.2
"Untuk withdraw nya lama banget harus ada T0, T1, dan T2 dan cuma jam bursa lagi prosesnyq, beda sama aplikasi sebelah yg setiap withdraw salalu ontime",1,3,1.1.2,"Hi Cuan Trooper, terima kasih atas masukannya. Akan kami teruskan ke tim yang terkait agar kita bisa terus berkembang dan memberikan layanan yang memuaskan. #StrongerTogether",1.1.2
"Chart gabisa di save ,time framenya menitnya cuma bisa di satu hari itu aja, tolong d perbaiki lg, charting itu sangat penting buat trader",1,3,1.1.2,,1.1.2
aplikasi menarik dan membantu,5,0,1.1.2,"Hi Cuan Troopers,
Thank you for your excellent feedback. If you have any other suggestions, we would love to know how we can keep improving and strengthen the trust within our community.
#StrongerTogether #SpottedYou",1.1.2
Menu aplikasi banyak dan mudah digunakan,5,0,1.1.2,"Hi Cuan Troopers,
Thank you for your excellent feedback. If you have any other suggestions, we would love to know how we can keep improving and strengthen the trust within our community.
#StrongerTogether #SpottedYou",1.1.2
Bagus banget aplikasinya sangat membantuu,5,0,1.1.2,"Hi Cuan Troopers,
Thank you for your excellent feedback. If you have any other suggestions, we would love to know how we can keep improving and strengthen the trust within our community.
#StrongerTogether #SpottedYou",1.1.2
"aplikasinya bagus, menu dan fitur nya lengkap.. mudah di gunakan",5,0,1.1.2,"Hi Cuan Troopers,
Thank you for your excellent feedback. If you have any other suggestions, we would love to know how we can keep improving and strengthen the trust within our community.
#StrongerTogether #SpottedYou",1.1.2
Mudah digunakan ğŸ‘Œ,5,0,1.1.2,"Hi Cuan Troopers,
Thank you for your excellent feedback. If you have any other suggestions, we would love to know how we can keep improving and strengthen the trust within our community.
#StrongerTogether #SpottedYou",1.1.2
Aplikasi bagus,5,0,1.1.2,"Hi Cuan Troopers,
Thank you for your excellent feedback. If you have any other suggestions, we would love to know how we can keep improving and strengthen the trust within our community.
#StrongerTogether #SpottedYou",1.1.2
Apk sangat mudah digunakan,5,0,1.1.2,"Hi Cuan Troopers,
Thank you for your excellent feedback. If you have any other suggestions, we would love to know how we can keep improving and strengthen the trust within our community.
#StrongerTogether #SpottedYou",1.1.2
"Apk nya bagus, mudah dimengerti",5,0,1.1.2,"Hi Cuan Troopers,
Thank you for your excellent feedback. If you have any other suggestions, we would love to know how we can keep improving and strengthen the trust within our community.
#StrongerTogether #SpottedYou",1.1.2
Banyak fiturnya jadi lebih mudah menggunakannya,5,0,,"Hi Cuan Troopers,
Thank you for your excellent feedback. If you have any other suggestions, we would love to know how we can keep improving and strengthen the trust within our community.
#StrongerTogether #SpottedYou",
Bagusss sekali sangat membantu,5,0,1.1.2,"Hi Cuan Troopers,
Thank you for your excellent feedback. If you have any other suggestions, we would love to know how we can keep improving and strengthen the trust within our community.
#StrongerTogether #SpottedYou",1.1.2
Mantap,5,0,1.1.2,"Hi Cuan Troopers,
Thank you for your excellent feedback. If you have any other suggestions, we would love to know how we can keep improving and strengthen the trust within our community.
#StrongerTogether #SpottedYou",1.1.2
"Aplikasinya warnanya bagus,menunya banyak mantappppp ges",5,0,,"Hi Cuan Troopers,
Thank you for your excellent feedback. If you have any other suggestions, we would love to know how we can keep improving and strengthen the trust within our community.
#StrongerTogether #SpottedYou",
"Aplikasi mudah digunakan dan sangat membantu, terima kasih!",5,1,,"Hi Cuan Troopers,
Thank you for your excellent feedback. If you have any other suggestions, we would love to know how we can keep improving and strengthen the trust within our community.
#StrongerTogether #SpottedYou",
"Aplikasinya bagus, sangat membantu",5,0,,"Hi Cuan Troopers,
Thank you for your excellent feedback. If you have any other suggestions, we would love to know how we can keep improving and strengthen the trust within our community.
#StrongerTogether #SpottedYou",
Semoga kedepannya lebih smooth lagi,5,0,1.1.2,"Hi Cuan Troopers,
Thank you for your excellent feedback. If you have any other suggestions, we would love to know how we can keep improving and strengthen the trust within our community.
#StrongerTogether #SpottedYou",1.1.2
aplikasinya sangat membantu,5,0,,"Hi Cuan Troopers,
Thank you for your excellent feedback. If you have any other suggestions, we would love to know how we can keep improving and strengthen the trust within our community.
#StrongerTogether #SpottedYou",
Aplikasinya bagus sekali,5,0,1.1.2,"Hi Cuan Troopers,
Thank you for your excellent feedback. If you have any other suggestions, we would love to know how we can keep improving and strengthen the trust within our community.
#StrongerTogether #SpottedYou",1.1.2
Mantap banget,5,0,1.1.2,"Hi Cuan Troopers,
Thank you for your excellent feedback. If you have any other suggestions, we would love to know how we can keep improving and strengthen the trust within our community.
#StrongerTogether #SpottedYou",1.1.2
aplikasi yang bagus dan sangat membantu,5,0,1.1.2,"Hi Cuan Troopers,
Thank you for your excellent feedback. If you have any other suggestions, we would love to know how we can keep improving and strengthen the trust within our community.
#StrongerTogether #SpottedYou",1.1.2
Aplikasi nya Bagus ğŸ˜,5,0,,"Hi Cuan Troopers,
Thank you for your excellent feedback. If you have any other suggestions, we would love to know how we can keep improving and strengthen the trust within our community.
#StrongerTogether #SpottedYou",
Aplikasinya sangat membantu.,5,0,,"Hi Cuan Troopers,
Thank you for your excellent feedback. If you have any other suggestions, we would love to know how we can keep improving and strengthen the trust within our community.
#StrongerTogether #SpottedYou",
Aplikasi sangat membantu,5,0,1.1.2,"Hi Cuan Troopers,
Thank you for your excellent feedback. If you have any other suggestions, we would love to know how we can keep improving and strengthen the trust within our community.
#StrongerTogether #SpottedYou",1.1.2
Aplikasi sangat membantu,5,0,1.1.2,"Hi Cuan Troopers,
Thank you for your excellent feedback. If you have any other suggestions, we would love to know how we can keep improving and strengthen the trust within our community.
#StrongerTogether #SpottedYou",1.1.2
Sangat membantu aplikasinya,5,0,1.1.2,"Hi Cuan Troopers,
Thank you for your excellent feedback. If you have any other suggestions, we would love to know how we can keep improving and strengthen the trust within our community.
#StrongerTogether #SpottedYou",1.1.2
Mantap,5,0,,"Hi Cuan Troopers,
Thank you for your excellent feedback. If you have any other suggestions, we would love to know how we can keep improving and strengthen the trust within our community.
#StrongerTogether #SpottedYou",
"Baguss bangettttt, jadi tau gimana caranya trading,pokoknya best lahhhğŸ‘",5,0,1.1.2,"Hi Cuan Troopers,
Thank you for your excellent feedback. If you have any other suggestions, we would love to know how we can keep improving and strengthen the trust within our community.
#StrongerTogether #SpottedYou",1.1.2
aplikasinya sangat membantu,5,0,1.1.2,"Hi Cuan Troopers,
Thank you for your excellent feedback. If you have any other suggestions, we would love to know how we can keep improving and strengthen the trust within our community.
#StrongerTogether #SpottedYou",1.1.2
Waww keren aplikasinya,5,0,1.1.2,"Hi Cuan Troopers,
Thank you for your excellent feedback. If you have any other suggestions, we would love to know how we can keep improving and strengthen the trust within our community.
#StrongerTogether #SpottedYou",1.1.2
Bagus aplikasinya,5,0,1.1.2,"Hi Cuan Troopers,
Thank you for your excellent feedback. If you have any other suggestions, we would love to know how we can keep improving and strengthen the trust within our community.
#StrongerTogether #SpottedYou",1.1.2
aplikasi sgt membantu,5,0,1.1.2,"Hi Cuan Troopers,
Thank you for your excellent feedback. If you have any other suggestions, we would love to know how we can keep improving and strengthen the trust within our community.
#StrongerTogether #SpottedYou",1.1.2
Aplikasi mudah dipakai. Kerenn pokoknya,5,0,1.1.2,"Hi Cuan Troopers,
Thank you for your excellent feedback. If you have any other suggestions, we would love to know how we can keep improving and strengthen the trust within our community.
#StrongerTogether #SpottedYou",1.1.2
Baguss...ğŸ‘,5,0,1.1.2,"Hi Cuan Troopers,
Thank you for your excellent feedback. If you have any other suggestions, we would love to know how we can keep improving and strengthen the trust within our community.
#StrongerTogether #SpottedYou",1.1.2
Aplikasi sangat membantu,5,0,1.1.2,"Hi Cuan Troopers,
Thank you for your excellent feedback. If you have any other suggestions, we would love to know how we can keep improving and strengthen the trust within our community.
#StrongerTogether #SpottedYou",1.1.2
sangat berguna dan membantuu,4,1,1.1.2,"Hi Cuan Troopers,
Thank you for your excellent feedback. If you have any other suggestions, we would love to know how we can keep improving and strengthen the trust within our community.
#StrongerTogether #SpottedYou",1.1.2
Aplikasi sangat bagus dan menarikkk,5,0,1.1.2,"Hi Cuan Troopers,
Thank you for your excellent feedback. If you have any other suggestions, we would love to know how we can keep improving and strengthen the trust within our community.
#StrongerTogether #SpottedYou",1.1.2
Mantaap,5,1,1.1.2,"Hi Cuan Troopers,
Thank you for your excellent feedback. If you have any other suggestions, we would love to know how we can keep improving and strengthen the trust within our community.
#StrongerTogether #SpottedYou",1.1.2
Aplikasi bagus dan mudah digunakan,5,0,1.1.2,"Hi Cuan Troopers,
Thank you for your excellent feedback. If you have any other suggestions, we would love to know how we can keep improving and strengthen the trust within our community.
#StrongerTogether #SpottedYou",1.1.2
"Sudah baik, bisa ditingkatkan lagiğŸ‘",5,0,1.1.2,"Hi Cuan Troopers,
Thank you for your excellent feedback. If you have any other suggestions, we would love to know how we can keep improving and strengthen the trust within our community.
#StrongerTogether #SpottedYou",1.1.2
Aplikasi yang sangat bagus,5,0,1.1.2,"Hi Cuan Troopers,
Thank you for your excellent feedback. If you have any other suggestions, we would love to know how we can keep improving and strengthen the trust within our community.
#StrongerTogether #SpottedYou",1.1.2
Aplikasi ini sangat membantu,5,0,1.1.2,"Hi Cuan Troopers,
Thank you for your excellent feedback. If you have any other suggestions, we would love to know how we can keep improving and strengthen the trust within our community.
#StrongerTogether #SpottedYou",1.1.2
Bagus mantulll,5,1,1.1.2,"Hi Cuan Troopers,
Thank you for your excellent feedback. If you have any other suggestions, we would love to know how we can keep improving and strengthen the trust within our community.
#StrongerTogether #SpottedYou",1.1.2
Aplikasi keren sangat bermanfaat,5,0,,"Hi Cuan Troopers,
Thank you for your excellent feedback. If you have any other suggestions, we would love to know how we can keep improving and strengthen the trust within our community.
#StrongerTogether #SpottedYou",
Mudah digunakan dan sangat membantu sekali,5,0,1.1.2,"Hi Cuan Troopers,
Thank you for your excellent feedback. If you have any other suggestions, we would love to know how we can keep improving and strengthen the trust within our community.
#StrongerTogether #SpottedYou",1.1.2
"Aplikasi yang sangat bagus dan membantu, fitur yang diberikan lengkap dan mudah dipahami, prosesnya cepat dan terpercaya",5,3,,"Hi Cuan Troopers,
Thank you for your excellent feedback. If you have any other suggestions, we would love to know how we can keep improving and strengthen the trust within our community.
#StrongerTogether #SpottedYou",
"Aplikasinya bagus, sangat membantu",5,0,1.1.2,"Hi Cuan Troopers,
Thank you for your excellent feedback. If you have any other suggestions, we would love to know how we can keep improving and strengthen the trust within our community.
#StrongerTogether #SpottedYou",1.1.2
Aplikasi ini sangat membantu,5,0,1.1.2,"Hi Cuan Troopers,
Thank you for your excellent feedback. If you have any other suggestions, we would love to know how we can keep improving and strengthen the trust within our community.
#StrongerTogether #SpottedYou",1.1.2
Aplikasinya sangat membantu,5,0,1.1.2,"Hi Cuan Troopers,
Thank you for your excellent feedback. If you have any other suggestions, we would love to know how we can keep improving and strengthen the trust within our community.
#StrongerTogether #SpottedYou",1.1.2
apk sangat membantu,5,0,1.1.2,"Hi Cuan Troopers,
Thank you for your excellent feedback. If you have any other suggestions, we would love to know how we can keep improving and strengthen the trust within our community.
#StrongerTogether #SpottedYou",1.1.2
aplikasi sangat membantu,5,0,1.1.2,"Hi Cuan Troopers,
Thank you for your excellent feedback. If you have any other suggestions, we would love to know how we can keep improving and strengthen the trust within our community.
#StrongerTogether #SpottedYou",1.1.2
Aplikasi yang bagus,5,0,1.1.2,"Hi Cuan Troopers,
Thank you for your excellent feedback. If you have any other suggestions, we would love to know how we can keep improving and strengthen the trust within our community.
#StrongerTogether #SpottedYou",1.1.2
aplikasi sangat berguna ğŸ‘ğŸ»,5,0,1.1.2,"Hi Cuan Troopers,
Thank you for your excellent feedback. If you have any other suggestions, we would love to know how we can keep improving and strengthen the trust within our community.
#StrongerTogether #SpottedYou",1.1.2
Fiturnya cukup lengkap kerennğŸ˜,5,0,1.1.2,"Hi Cuan Troopers,
Thank you for your excellent feedback. If you have any other suggestions, we would love to know how we can keep improving and strengthen the trust within our community.
#StrongerTogether #SpottedYou",1.1.2
"Fiturnya cukup lengkap, aksesnya juga mudah.",5,0,1.1.2,"Hi Cuan Troopers,
Thank you for your excellent feedback. If you have any other suggestions, we would love to know how we can keep improving and strengthen the trust within our community.
#StrongerTogether #SpottedYou",1.1.2
Keren,5,0,1.1.2,,1.1.2
Bagus banget!!,5,0,1.1.2,,1.1.2
"Aplikasinya bagus, sangat membantu",5,0,,,
niceeeğŸ‘ğŸ»,5,0,,,
"Appsnya sangat bagus, penggunaannya mudah",5,0,1.1.2,,1.1.2
ğŸ‘ğŸ‘,5,0,,,
Aplikasi membantu,5,0,1.1.2,,1.1.2
"Cocok bgt aplikasinya buat investor muda kayak aku,,,,ğŸ˜ƒ",5,0,,,
Aplikasi sangat membantu,5,0,1.1.2,,1.1.2
aplikasinya sangat membantu ğŸ‘,5,0,1.1.2,,1.1.2
Bagus kak apknya,4,0,1.1.2,,1.1.2
"Fiturnya sangat lengkap, transaksi cepat dan mudah digunakan bagi pemulağŸ‘ğŸ»",5,3,1.1.2,,1.1.2
"Tampilannya baguss, aplikasinya juga mudah digunakan",5,0,1.1.2,,1.1.2
Mantull ğŸ‘,5,0,1.1.2,,1.1.2
Size aplikasinya ringan ğŸ‘,5,0,1.1.2,,1.1.2
Aplikasi yg sangat bermanfaat âœ¨,5,0,1.1.2,,1.1.2
"Tampilannya sangad user friendly,gampang digunakan",5,0,1.1.2,,1.1.2
Aplikasinya sangat bermanfaat,5,0,1.1.2,,1.1.2
"alhamdulillah aplikasinya sangat membantu, mantaapppğŸ”¥ğŸ”¥",5,0,1.1.2,,1.1.2
"Fitur lengkap, menu nya bagus ğŸ‘",5,0,,,
"Aplikasinya bagus, mudah digunakan, sekuritasnya bagus",5,0,1.1.2,,1.1.2
Mantap. Aplikasi ini membantu banget,5,0,1.1.2,,1.1.2
Bagus bgt,5,0,1.1.2,,1.1.2
Aplikasinya bagus bangett,5,0,1.1.2,,1.1.2
Bagus aplikasinya sangat bermanfaat,5,0,1.1.2,,1.1.2
"Tampilan nyaman , mudah digunakan",5,0,1.1.2,,1.1.2
"Aplikasinya sangat membantu, terimaksih",5,0,,,
Aplikasinya sangat mudah dipahami,5,0,,,
Aplikasi bagus sangat membantu,5,0,1.1.2,,1.1.2
Keren,5,0,1.1.2,,1.1.2
Mantap sekali,5,0,1.1.2,,1.1.2
Bagus banget si aplikasinya. Sangat membantu bangetğŸ˜,5,0,,,
"Desainnya bagus, aplikasinya simpel tapi menunya lengkapp ğŸ‘",5,0,1.1.2,,1.1.2
"aplikasi berfungsi dengan baik, awalnya loginnya susah tapi bagus aplikasinya",5,1,1.1.2,,1.1.2
waw aplikasinya bagus bangetâ¤ï¸,5,0,1.1.2,,1.1.2
Aplikasinya sangat recommended buanget lohh,5,0,1.1.2,,1.1.2
"Keren banget apknya, mudah dipahami lagi rekomen banget deh",5,0,,,
Aplikasinya bagus sangat membantu!!ğŸ˜»,5,0,1.1.2,,1.1.2
Apk yg bermanfaat,5,0,1.1.2,,1.1.2
Aplikasi yang bermanfaat dan mudah digunakan bagi para trader pemulağŸ‘ğŸ»,5,0,1.1.2,,1.1.2
Aplikasinya keren banget!,5,0,,,
Fiturnya lengkap dan aplikasinya keren,5,0,1.1.2,,1.1.2
Aplikasi yanb bagus dan sangat bermanfaat,5,0,1.1.2,,1.1.2
Aplikasinya keren dan mudah digunakan,5,0,1.1.2,,1.1.2
"Suka sama fitur-fiturnya,gak terlalu ribet jdi cepat ngerti meskipun baru pertama coba",5,2,1.1.2,,1.1.2
Aplikasi nya bagus!,5,0,1.1.2,,1.1.2
ğŸ‘,4,0,1.1.2,,1.1.2
"Bagus, tingkatkan lagi",5,0,1.1.2,,1.1.2
"Fitur lumayan lengkap, bagus deh",5,0,1.1.2,,1.1.2
"Tampilan aplikasinya menarik dan ramah pemula, pemakaiannya juga mudah recommended buat yang mau coba pakai apk ini!",5,3,,,
"Tampilannya bagus, mudah digunakan, fiturnya lengkap",5,0,1.1.2,,1.1.2
"Aplikasi yang bagus, fiturnya jg lengkap",5,0,,,
Aplikasinya keren ğŸ‘,5,0,1.1.2,,1.1.2
keren sekali,5,0,,,
"Aplikasinya sangat bagus, mudah untuk melakukan transaksi dan cepat, dan fitur dalam aplikasinya mudah untuk digunakan",5,5,1.1.2,,1.1.2
"Aplikasinya sangat mudah untuk digunakan, cocok bagi pemula seperti saya, mantap",5,1,1.1.2,,1.1.2
Aplikasinya bagus,5,0,1.1.2,,1.1.2
"Aplikasi SPOT ini mudah untuk digunakan, apalagi desainnya yang menarik. ğŸ‘ğŸ™",5,0,1.1.2,,1.1.2
dilihat dari menunya bagus dan sangat membantu,5,0,1.1.2,,1.1.2
"Apk nya bagus, Mantap",5,0,1.1.2,,1.1.2
"Fitur nya lengkap, nyaman digunakan",5,0,1.1.2,,1.1.2
"Fitur dalam aplikasi bagus, lengkap",5,0,1.1.2,,1.1.2
"Aplikasinya keren, mudah digunakan, fiturnya pun lengkap. Recomended!âœ¨",5,1,,,
Aplikasinya sangat bagus dan bermanfaatğŸ‘ğŸ»,5,0,1.1.2,,1.1.2
"Mudah di gunakan, sejauh ini gk ada hambatan, aplikasi juga aman. Good job",5,0,1.1.2,,1.1.2
Bagus,5,0,1.1.2,,1.1.2
"Aplikasi bagus, mudah digunakan",4,0,1.1.2,,1.1.2
usefull appsğŸ™ŒğŸ»ğŸ˜,5,0,1.1.2,,1.1.2
Aplikasinya sangat membantu,4,0,1.1.2,,1.1.2
Lumayan bermanfaat untuk trading,5,0,1.1.2,,1.1.2
app kereen,5,0,1.1.2,,1.1.2
"Tolong dong min, di menu market , bagian cari kode saham, jangan sampai 2 kali klik dong min.. biar cepat langsung ke emittennya... thank min.. i love sucor.. â¤â¤â­â­â­â­â­â­",5,1,1.1.2,,1.1.2
good,5,0,,,
Aplikasinya dahsyaaaaaat,5,0,1.1.2,,1.1.2
"Sekuritas Bagus, Apk mudah digunakan, Transaksi Cepat. Pertahankan Kualitasnya ya. ğŸ‘ŒğŸ‘",5,3,1.1.2,,1.1.2
"lemot, sering error, padahal koneksi bagus.",2,6,1.1.2,"Halo Cuan Troopers, mohon maaf atas kendala yang terjadi. Saat ini kami di tahap perbaikan setelah perpindahan data center yang diperlukan untuk membuat UX kami lebih baik lagi kedepannya. Untuk sementara, bisa menggunakan aplikasi kami yang lama atau SPOT desktop yang tidak terpengaruh oleh perpindahan data center tersebut. Semoga membantu :)",1.1.2
"Saya tunggu kode otp nya ga dikirim2,,, ga tau nih,",1,4,1.1.2,,1.1.2
"Parah ini aplikasi. Daftar di buat ribet. Masa durasi OTP sms 30 detik, Durasi OTP email 5 detik. Baru ngetik dua angka aja udah keburu habis duluan. Dah aneh nya kode itu sama sakali ingak ada terkirim",1,16,1.1.2,,1.1.2
Masih delay kalau perpindahan di menu nya,3,1,,,
Kenapa sampai jam 10 malam Tidak bisa akses broker summary Yg ada data tersedia setelah sesi perdangan Padahal dah jam 10 malam bosssğŸ˜«,1,1,,,
"Top up RDN udah 1 jm ga masuk, padahal mau avg salah satu saham mumpung turun ke harga murah. Bisa2 ketinggalan kereta ğŸ˜ ",2,0,1.1.2,"Hi Cuan Trooper, mohon maaf atas kendala yang terjadi. Isu ini sudah kami sampaikan kepada tim yang terkait dan akan diperbaiki lagi kedepannya. Terima kasih atas masukannya :) #SpottedYou",1.1.2
Harree geneee ganti rekening saja pakai kirim berkas.,2,0,,"Hi Cuan Trooper, hal ini kami lakukan untuk memastikan keamanan nasabah kami terjaga dan tidak ada penyalah-gunaan informasi ya :) #StrongerTogether",
Sangat mudah digunakan dengan fitur lengkap,5,0,1.1.2,,1.1.2
"Kurang update dari sisi bid over, sulit untuk fast trade",3,0,1.0.1,"Hi Cuan Trooper, mohon maaf atas kendala yang terjadi. Kami sudah menyampaikan masalah ini kepada tim IT dan akan mengeluarkan update baru dalam waktu yang dekat demi meningkatkan stabilitas dan efisiensi layanan kami.",1.0.1
Perfect sih tinggal servernya aja yg diperbesar biar gak sering error sama versi yg desktop kalau bisa diubah juga UI/UXnya soalnya bikin gak nyaman kalau trading di desktop,5,4,,,
Good,5,1,1.1.2,,1.1.2
"Harus banyak di update baik app maupun web,data saya di sistem web tidak match saat pendaftaran malah foto ktp orang lain yg tertaut di akun saya,untuk app kueang responsif tidak sat set",3,2,1.1.2,"Hi Cuan Trooper, mohon maaf atas kendala yang terjadi. Kami sudah menyampaikan masalah ini kepada tim IT dan akan mengeluarkan update baru dalam waktu yang dekat demi meningkatkan stabilitas dan efisiensi layanan kami.",1.1.2
"Secara menu memang bagus Secara kecepatan trading, yg baru lbh lambat walaupun pakai wifi yg bagus Terkadang lambat Gk selama nya cepat Lbh baik yg lama Yg d butuh kan bkn hanya dari segi menu Tp keseluruhan Stabil nya aplikasi jg d perlukan",1,29,1.1.2,"Hi Cuan Trooper, mohon maaf atas kendala yang terjadi. Kami sudah menyampaikan masalah ini kepada tim IT dan akan mengeluarkan update baru dalam waktu yang dekat demi meningkatkan stabilitas dan efisiensi layanan kami.",1.1.2
"Chart sm perpindahan harga sering telat dan sering log out sendiri, mohon diperbaiki",3,4,1.1.1,"Hi Cuan Trooper, mohon maaf atas kendala yang terjadi. Kami sudah menyampaikan masalah ini kepada tim IT dan akan mengeluarkan update baru dalam waktu yang dekat demi meningkatkan stabilitas dan efisiensi layanan kami.",1.1.1
Mau narik uang sendiri susah,1,2,1.0.9,"Hi Cuan Trooper, mohon maaf atas kendala yang terjadi. Mohon hubungi WA CS di nomor +62 821-1234-4721 atau melalui email ke customerservice@sucorsekuritas.com agar dapat kami bantu. Jika ada masukkan lebih lanjut jangan ragu untuk memberi tahu kami di nomor/email tersebut ya :)",1.0.9
Status pendidikan terakhir gak keluar. Jadi gak bisa di input,3,0,1.1.1,"Hi Cuan Trooper, untuk bantuan registrasi bisa menghubungi CS di customerservice@sucorsekuritas.com atau WA +62 821-1234-4721 ya kak :)",1.1.1
Apakah hasrus menyisakan saldo sebesar 100k untuk melakukan penarikan???,2,0,1.1.1,"Hi Cuan Trooper, untuk penarikan dana harus tersisa minimal Rp. 100.000 ya sesuai dengan regulasi dan aturan :)",1.1.1
ğŸ™ğŸ˜‡,5,0,1.1.0,,1.1.0
Ga bisa di pakai app ny,1,4,1.1.0,"Hi Cuan Trooper, mohon maaf atas kendala yang terjadi. Mohon hubungi WA CS di nomor +62 821-1234-4721 atau melalui email ke customerservice@sucorsekuritas.com agar dapat kami bantu :)",1.1.0
Apps ny bagus,5,1,1.0.9,,1.0.9
Good and easy,5,1,1.1.0,,1.1.0
Ini gimana min error' mulu...,5,0,1.1.0,"Hi Cuan Trooper, mohon maaf atas kendala yang terjadi. Mohon hubungi WA CS di nomor +62 821-1234-4721 atau melalui email ke customerservice@sucorsekuritas.com agar dapat kami bantu :)",1.1.0
Cs tidak responsif. Dilempar2 ga jelas..,1,1,1.0.9,,1.0.9
Tanda tangan mudah aj susah diterima.. Udah puluhan x ga bisa2. Hadehhh.. Ribett,2,1,1.0.9,"Hi Cuan Trooper, mohon maaf atas kendala yang terjadi. Untuk dibantu proses registrasinya mohon hubungi WA CS di nomor +62 821-1234-4721 atau melalui email ke customerservice@sucorsekuritas.com ya :)",1.0.9
Applikasi mudah di pahami pemula.,5,0,1.0.9,,1.0.9
"Deposit masih ada delay, tidak langsung update ke RDN nya. Tlg ditingkatkan agar tidak kehilangan moment saat trading. Terima kasih.",3,11,1.0.6,"Hi Cuan Trooper, terima kasih atas masukannya. Akan kami teruskan kepada tim yang terkait agar masalah ini cepat diselesaikan. #SpottedYou",1.0.6
Tampilannya tidak ada versi terang. Gelap hitam jadi kurang oke,1,0,,"Hi Cuan Trooper, terima kasih atas masukannya. Akan kami teruskan kepada tim yang terkait agar masalah ini cepat diselesaikan. #SpottedYou",
Terimakasih banyak sudah bisa daptar dengan sukses,5,0,1.0.9,,1.0.9
"Kenapa saya tidak bisa mendaftar selalu terjadi kendala ketika memasukkan kecamatan dan kelurahan, pas di klik tidak muncul tulisannya ketika di klik next ada peringatan tidak boleh kosong, mohon bantuannya",1,7,1.0.8,"Hi Cuan Trooper, mohon maaf atas kendala yang terjadi. Untuk dibantu proses registrasinya mohon hubungi WA CS di nomor +62 821-1234-4721 atau melalui email ke customerservice@sucorsekuritas.com ya :)",1.0.8
"Warna merahnya di tiapÂ² menu jangan terlalu kontras, malah kayak warna pink tua, pedih di mata terutama menu BUY. Terus ukuran tulisan sebagian agak kebesaran jadi angkaÂ² sebagian numpuk. Semoga diperbaiki ya min di update berikutnya. Terutama warna merah min. Overall yg lain okğŸ¤ğŸ¤",3,23,1.0.8,"Hi Cuan Trooper, terima kasih atas masukannya. Akan kami teruskan kepada tim yang terkait agar masalah ini cepat diselesaikan. #SpottedYou",1.0.8
Ini aman dan terpercaya tidak ya buat trading,5,0,1.0.8,,1.0.8
"Suka error kadang keluar sendiri, mau masuk lagi tidak bisa harus hapus data aplikasinya dulu",1,6,1.0.6,"Hi Cuan Trooper, mohon maaf atas kendala yang terjadi. Kami akan review kembali masalah yang terkait agar dapat memberikan layanan yang lebih baik kepada nasabah. Terima kasih atas masukannya. #SpottedYou",1.0.6
App sangat praktis dan komprehensif,5,0,1.0.6,,1.0.6
Buka akun di sekuritas ini sangat mudah cepat dan bisa sambil rebahan terimakasih sucor,5,0,1.0.6,,1.0.6
Bagus dan suka.. Tapi pitur fastrade nya.gak gerak.di saat market buka. Semoga lbh baik lagi,4,1,1.0.6,"Hi Cuan Trooper, terima kasih atas masukannya. Kami akan review lebih dalam atas masalah tersebut agar dapat memperbaiki layanan kami. #SpottedYou",1.0.6
"Fitur baru nya jadi ramah banget buat user, ga perlu bolak balik login juga. Sejauh ini pemakain nya ga ada kendala. Makasih banyak inovasi nya Sukor ğŸ˜",5,3,1.0.6,,1.0.6
"Fast trade nya untuk beberapa emiten tidak bergerak harga nya.kenapa ya?kalo masuk ke fast trade mau ganti chg% ke lot susah,kadang bisa kadang ga bisa.hari ini coba pelajari fast trade nya,masuk ke emiten BBCA,Toba,WIRG ga gerak sama sekali.coba di WINR bisa gerak.",1,15,1.0.6,"Hi Cuan Trooper, mohon maaf atas kendala yang terjadi dan terima kasih atas masukannya. Kami akan review lebih dalam atas masalah tersebut agar dapat memperbaiki layanan kami. #SpottedYou",1.0.6
Aplikasi bagus. Mudah digunakan,5,0,1.0.6,,1.0.6
Aplikasi ini sangat bagus dan berguna,5,0,1.0.6,,1.0.6
Aplikasinya bagusss,5,0,1.0.6,,1.0.6
sabi bener ni aplikasi spot buat orang pemula kaya ane,5,0,1.0.6,,1.0.6
Applikasi sangat mudah membantu dan dapat dipahami untuk pemula,5,0,1.0.6,,1.0.6
"Aplikasi ini sangat mudah digunakan, simple dan terdapat fitur-fitur yang menarik.",5,1,,,
"Aplikasinya membantu bgt, TOP deh pokoknyağŸ’–ğŸ’–ğŸ’–",5,0,1.0.6,,1.0.6
kerenn appnya,5,0,1.0.6,,1.0.6
Aplikasi spot ini sangat menarik dan memudahkan bagi pemula,5,0,1.0.6,,1.0.6
"Aplikasi ini sangat bermanfaat bagi saya, terimakasih banyak spot ğŸ™ğŸ»",5,0,1.0.6,,1.0.6
"Aplikasinya keren, sangat membantu bagi pemula",5,0,1.0.6,,1.0.6
"Aplikasi yang sangat Bagus, serta lengkap fiturnya",5,0,1.0.6,,1.0.6
"Aplikasi spot ini enak dan mudah banget di pakai dari aplikasi sebelumnya, bagi kalian yg belum coba, coba sekarang!!!",5,0,,,
Aplikasi sangat membantu saya dalam kehidupan sehari-hari.,5,0,1.0.6,,1.0.6
"Aplikasinya sangat recomended, tampilannya pun bagus dan menarik sekali serta pengaplikasiannya sangat mudah dipahamiğŸ¥°",5,5,1.0.6,,1.0.6
boljug boleh juga ni aplikasi,5,0,1.0.6,,1.0.6
"Pakai WiFi selalu dibilang ga ada koneksi internet, jadi ga bisa buka aplikasi jika memakai WiFi, tolong diperbaiki",1,3,1.0.6,"Hi Cuan Trooper, mohon maaf atas kendala yang terjadi dan terima kasih atas masukannya. Kami akan review lebih dalam atas masalah tersebut agar dapat memperbaiki layanan kami. #SpottedYou",1.0.6
Aplikasi yang cukup mudah digunakan terutama bagi pemula seperti saya. Juga tersedia RDN BRI jadi gampang buat top up.,5,2,1.0.6,,1.0.6
Aplikasi trading terpercaya menampilkan secara live,5,0,1.0.6,,1.0.6
Aplikasi Spot ini sangat mudah digunakan apalagi dengan adanya fitur2 yg menarik dan memudahkan saya untuk trading.,5,3,1.0.6,,1.0.6
Aplikasi nya sudh layak dan profesional,5,0,1.0.6,,1.0.6
Aplikasinyaa keren banget mantap,5,0,1.0.6,,1.0.6
Aplikasinya sangat membantu,5,0,1.0.6,,1.0.6
"aplikasinya recommended banget, fitur-fitur yang ada memudahkan buat user yang pemula",5,1,1.0.6,,1.0.6
Bagus aplikasinyağŸ‘,5,0,1.0.6,,1.0.6
baguss banget,5,1,1.0.6,,1.0.6
"Aplikasi SPOT ini mudah digunakan, dan fitur fiturnya pun bagus, sangat membantu saya",5,2,1.0.6,,1.0.6
Aplikasi ini sangat trending dimana-mana dan juga aplikasi ini lebih mudah digunakan daripada aplikasi yang lainnya.,5,0,1.0.6,,1.0.6
Gk salah deh instal aplikasi ini,5,0,1.0.6,,1.0.6
Keren bgtt,5,1,1.0.6,,1.0.6
"Sangat bangus sekali aplikasi ini, jangan ragu buat download",5,0,1.0.6,,1.0.6
aplikasi spot emng rekomended deh klo buat di pake trading banyak fitur yg dapat mempermudah dalam melakukan trading ah keren pokonya !!!!,5,3,1.0.6,,1.0.6
Aplikasi SPOT By Sucor trading yang punya fitur lengkap,5,0,,,
Sangat membantu banget bagi yang baru mau coba investasi,5,0,1.0.6,,1.0.6
aplikasinya bagus dan menarik... kerennnnn ğŸ‘,5,0,1.0.6,,1.0.6
"Aplikasinya keren banget, fiturnya juga lengkap kemudian mudah dalam mengaplikasikannya",5,2,1.0.6,,1.0.6
"Aplikasi spot ini mudah dipahami, khususnya bagi para pemula. Tampilannya juga menarik",5,2,1.0.6,,1.0.6
"Aplikasi nya keren bgt, mudah dipahami",5,0,1.0.6,,1.0.6
kerenn aplikasinyaa !!,5,0,1.0.6,,1.0.6
Bagus bangetğŸ‘,5,0,1.0.6,,1.0.6
Buset baru nemu aplikasi ini deh... Wow keren,5,0,,,
Mantapp aplikasinya,5,0,1.0.6,,1.0.6
Sangat keren baguss bangett,5,0,1.0.6,,1.0.6
sangat keren interface nya ğŸ‘ğŸ‘ğŸ‘,5,0,1.0.6,,1.0.6
Aplikasi yang bagus dah mudah dipakai,5,0,1.0.6,,1.0.6
aplikasi yang mudah digunakan,5,0,1.0.6,,1.0.6
Aplikasinya menarik bgtğŸ¤©ğŸ¤©,5,0,,,
Mantap betul apknyağŸ‘,5,0,1.0.6,,1.0.6
MasyaAllah bagus banget aplikasinya. Digunain juga mudah ga bikin bingung. Thank you,5,0,1.0.6,,1.0.6
"penggunaan aplikasi sangat memudahkan sehingga membuat user nyaman. aplikasi sangat memuaskan, thank you!",5,0,1.0.6,,1.0.6
aplikasi ini keren dan sudah terkenal dimana-mana sangat berguna,5,0,1.0.6,,1.0.6
Anjay bat dah,5,0,1.0.6,,1.0.6
Sangat rekomended bintang 5 dan wajib untuk didownload,5,0,1.0.6,,1.0.6
membantu sekalii,5,0,,,
aplikasinya mudah sekali untuk digunakan,5,0,1.0.6,,1.0.6
Bagus banget aplikasinya sangat bermanfaat buat saya yg pemula,5,0,,,
"Keren dan bermanfaat, trading jadi lebih mudah super easy to use it!!",5,0,1.0.6,,1.0.6
Bagussss bngtt aplikasi nya kenapa Bru skrng nemunyaa terus berkembang yaaâ™¥ï¸â™¥ï¸â™¥ï¸â™¥ï¸,5,0,1.0.6,,1.0.6
"App spot ini bagus bangeettt, memudahkan investor pemulaa utk mulai investasii. Thank uu develop!",5,0,1.0.6,,1.0.6
kerennn,5,0,1.0.6,,1.0.6
apk ini sayang mudah di gunakan dan sangat bergunaa saya suka,5,0,1.0.6,,1.0.6
"Aplikasinya membantu banget, keren ğŸ‘ğŸ‘ğŸ‘",5,0,1.0.6,,1.0.6
Cuan Troopers sangat suka.. Hehe,5,0,1.0.6,,1.0.6
"aplikasinya sangar recommended,kerennn pokoknyaağŸ‘ğŸ‘ğŸ‘",5,0,1.0.6,,1.0.6
Spot sangat memudahkan,5,0,1.0.6,,1.0.6
Aplikasinya sangat bagus dan berguna. cocok untuk semua kalangan,5,0,1.0.6,,1.0.6
aplikasi yang bagus dan sgt memudahkan pemula utk belajar trading sangat rekomended!,5,2,1.0.6,,1.0.6
"Aplikasi Spot by Sucor Sekuritas ini sangat membantu, efisien, dan sangat bermanfaat",5,0,,,
Aplikasi nya keren bangett brou,5,0,1.0.6,,1.0.6
UI UX nya enakk bgtt friendlyyy,5,0,1.0.6,,1.0.6
Aplikasi ini keren banget dan sangat membantu terimakasih banyak,5,0,,,
Bagus banget aplikasi nya sangat membantu,5,0,1.0.6,,1.0.6
Aplikasinya keren,5,0,1.0.6,,1.0.6
"Apknya Bagus Dan mudah dipahami, Pokoknya Keren buat Trading",5,0,1.0.6,,1.0.6
"Aplikasi Spot punya tampilan yang menarik, dan sangat mudah digunakan untuk para trader pemula.",5,2,1.0.6,,1.0.6
"aplikasi spot yg sgt sgt membantu sekali, fitur fiturnya juga mudah digunain. MANTAP!!!",5,2,,,
Mntap,5,1,,,
"Aplikasi investasi Saham yang recommended nih, dengan tampilan yang kekinian dan mudah banget digunakan.",5,0,1.0.6,,1.0.6
sangat mudah dan menanambah penghasilan,5,0,1.0.6,,1.0.6
Aplikasi spot ini sangat mudah di gunakan apalagi fitur fitur nya yang menarik dan tampilan aplikasi nya yg memudahkan orng untuk menggunakan aplikasi tersebut ğŸ˜ğŸ¤,5,4,1.0.6,,1.0.6
"Aplikasi yg sangat membantu, keren, mantep, cakep dah top ğŸ’¯ğŸ’¯ğŸ’¯",5,0,1.0.6,,1.0.6
trading dan invest makin gampang dah pake apk iniğŸ‘ğŸ»,5,0,1.0.6,,1.0.6
Sangat bagus dan menarik dan mudah dipahami,5,0,1.0.6,,1.0.6
SANGAT BAGUS,5,0,1.0.6,,1.0.6
Woow amazing application,5,0,1.0.6,,1.0.6
aplikasi nya keren banget sangat membantu!!,5,0,1.0.6,,1.0.6
Baik,5,0,1.0.6,,1.0.6
Keren unch,5,0,,,
Wah aplikasinya sangat membantu sekali dan cara pakainya juga mudah banget untuk trading,5,0,1.0.6,,1.0.6
Bagus banget aplikasinya..,5,0,1.0.6,,1.0.6
good,5,0,1.0.6,,1.0.6
Good,5,0,1.0.6,,1.0.6
"Terima kasih, aplikasi ini sangat membantu ğŸ™ğŸ»",5,0,1.0.6,,1.0.6
"Aplikasi nya sangat menarik untuk didalami, dan sangat menarik tampilan nya",5,0,1.0.6,,1.0.6
Sangat baik dan berguna,5,0,1.0.6,,1.0.6
Aplikasinya sangat membantu dan sangat bermanfaat. Terima kasih,5,0,1.0.6,,1.0.6
Aplikasi yang bagus paham dipahami dan sangat bermanfaat untuk trading pemula seperti saya,5,0,1.0.6,,1.0.6
Aplikasi trading ini lebih mudah untuk dipahami dan menarik juga top deh buat spot,5,0,1.0.6,,1.0.6
"aplikasinya bagus, bermanfaat ğŸ‘",5,0,1.0.6,,1.0.6
Aplikasi yang keren dan menarik ğŸ‘ğŸ‘,5,0,,,
Aplikasinya mantap banget !!!!,5,0,1.0.6,,1.0.6
Aplikasinya keren bangettt!!!,5,0,,,
"Aplikasi berguna dan keren, sangat bermanfaat",5,0,1.0.6,,1.0.6
"SPOT BY Sucor Sekuritas ini aplikasi yang friendly dan mudah digunakan untuk kita yang ingin mencobanya, dan sangat menarik sekali tampilan dari aplikasinya.",5,4,1.0.6,,1.0.6
mantap banget apknyaaa,5,0,1.0.6,,1.0.6
Aplikasinya bagus banget keren jugağŸ‘ğŸ»,5,0,,,
Aplikasinya mudah dipahami dan bermanfaat untuk trading,5,0,1.0.6,,1.0.6
"Fiturnya berfungsi semua, dan berjalan dengan baik.",5,0,1.0.6,,1.0.6
"Aplikasinya mudah diakses, simple dan sangat menarik. Ibaratnya, semakin dalam masuk semakin penasaran. Recommended!",5,3,1.0.6,,1.0.6
Aplikasinya keren banget pokonyaaa,5,0,1.0.6,,1.0.6
Keren bangetttğŸ‘ğŸ‘ğŸ‘,5,1,,,
"Aplikasinya sangat recomended bangett, menarik dan gampang digunakan",5,0,1.0.6,,1.0.6
mudah dipahami dan cepat,5,0,1.0.6,,1.0.6
"Aplikasinya bagus, tampilannya menarik dan beberapa fitur yang mudah dipahami. Good lah...",5,2,1.0.6,,1.0.6
"Aplikasinya keren cuyy,, saya kasih bintang lima â­â­â­â­",5,0,1.0.6,,1.0.6
"aplikasinya sangat bagus, bebas atur menu di dalam aplikasi, proses buka akun di Sucor Sekuritas mudah dan cepat.",5,3,,,
Aplikasinya bagus dan mudah dimengerti,5,0,1.0.6,,1.0.6
Aplikasinya bagus dan lengkapğŸ‘,5,0,1.0.6,,1.0.6
Aplikasi ini kaya fitur dan mudah dipahami,5,0,1.0.6,,1.0.6
aplikasi nya bagus dan kerenâœ¨,5,0,1.0.6,,1.0.6
Ihh bagus bgttğŸ¤©ğŸ¤©,5,1,1.0.6,,1.0.6
aplikasi nya bagusğŸ‘,5,0,1.0.6,,1.0.6
"Aplikasinya bagus, user friendly, dan mudah dipahami",5,0,1.0.6,,1.0.6
Aplikasinya keren dan bermanfaat bgtt,5,0,1.0.6,,1.0.6
"Aplikasi enak, dan memudahkan kita bagi pemula",5,0,,,
Mantappp,5,0,1.0.6,,1.0.6
"aplikasi ini yang sangat trending dimana mana dan juga lebih mudah digunakan dari pada aplikasi sebelumnya. Sangat excited buat mencobanya, setelah menggunakan lumayan lama ternyata lebih gampang apa yang dikira sangat mudah digunakan nya juga. The best deh aplikasi ini. Ayo yang belum mencobanya kalian harus coba!!! Jangan sampai ketinggalan.",5,36,1.0.6,,1.0.6
"aplikasi nya sangat membantuu, dan mudah di pahami, fitur fiturnya juga kerenn bgtttt",5,5,,,
Bagus bgt aplikasi nya,5,0,1.0.6,,1.0.6
Aplikasinya sangat keren,5,0,,,
Aplikasi yang sangat bermanfaat,5,0,1.0.6,,1.0.6
"aplikasinya bagus, mudah dimengerti, keren dehh ga ada lawanğŸ¤©",5,0,1.0.6,,1.0.6
"Sejauh ini experience menggunakan aplikasi ini sangat memuaskan, simpel dan mudah",5,0,1.0.6,,1.0.6
Aplikasi keren,5,0,1.0.6,,1.0.6
Spot sangat memudahkan kita untuk pemulaâœ¨âœ¨âœ¨âœ¨âœ¨,5,0,1.0.6,,1.0.6
Aplikasinya sangat bermanfaat dan mudah untuk digunakan,5,0,1.0.6,,1.0.6
Aplikasi stop by sucor sekuritas ini keren banget dan sangat mudah untuk di pahami,5,0,1.0.6,,1.0.6
Aplikasi nya memudahkan pengguna baru di semua kalangan dan dapat cepat mempelajari tentang saham,5,0,1.0.6,,1.0.6
Aplikasinya bagus dan sangat membantu ğŸ‘,5,0,1.0.6,,1.0.6
"BAGUSS BANGETTT, SUKAAâ¤ï¸",5,1,1.0.6,,1.0.6
"aplikasi nya lengkap dan sangat membantu, terima kasih",5,0,1.0.6,,1.0.6
"Spot memudahkan saya yang pemula untuk trading, saya yang awalnya takut untuk trading karena tidak mau seperti IK, setelah mencoba aplikasi Spot, saya bisa dengan mudah mempelajari dasar-dasar dalam trading, terima kasih Spot!",5,17,1.0.6,,1.0.6
Aplikasi nya keren banget bagus banget,5,0,1.0.6,,1.0.6
"Sejauh ini saya memakai spot by sucor itu bagus dan cepat, fitur fitur baru juga juga bagus, pokoknya tuh keren bangett",5,2,1.0.6,,1.0.6
"Aplikasinya bagus banegttt, berguna juga bmbuat semua kalangannn",5,0,,,
"Aplikasinya semakin keren, lebih baik dari sebelumnya semoga kedepannya akan ada fitur canggih lain nya",5,0,1.0.6,,1.0.6
Aplikasi trading yang lengkap bagus banget,5,0,1.0.6,,1.0.6
Aplikasi nya sangat baguss dari aplikasi sebelum nya dan aplikasi ini sangat2 cepat dalam penggunaannya semogaa bisa menambah fitur2 terbaru nya,5,3,1.0.6,,1.0.6
Aplikasi trading yang bagus dan mudah juga menggunakannya,5,0,,,
Aplikasinya mudah di mengerti dan memuaskan.,5,0,1.0.6,,1.0.6
"Aplikasinya bagus dan mudah, semoga makin dan makin berkembang dan banyak dikenal banyak pengguna",5,0,1.0.6,,1.0.6
Aplikasi yg menarik ğŸ‘ŒğŸ»,5,0,1.0.6,,1.0.6
"fiturnya lengkap, mudah dimengerti pokoknya mantapp banget ini aplikasi",5,0,1.0.6,,1.0.6
"Ini aplikasi cocok bngtt sih, apalagi orgnya suka sama trading",5,0,1.0.6,,1.0.6
"Aplikasi ini sangat bagus, dan sangat mudah untuk digunakan",5,0,1.0.6,,1.0.6
Aplikasi yg sangat berguna ğŸ‘Œ,5,0,1.0.6,,1.0.6
"Terimakasih bang telah membuat apk ini, sanget membantu saya ,ğŸ‘",5,0,1.0.6,,1.0.6
Aplikasi user yang trading friendly. Sangat mudah digunakan dan bermanfaat.,5,0,1.0.6,,1.0.6
Aplikasi yang bagusssğŸ‘ğŸ‘,5,0,,,
Aplikasinya Sangat bagus dan keren,5,0,1.0.6,,1.0.6
aplikasi sangat bagus dan tampilan nya tidak membosankan,5,0,1.0.6,,1.0.6
Aplikasi ini keren banget sangat helpful untuk belajar trading dan bertransaksi saham,5,1,,,
"aplikasinya bagus, mudah di gunakan dan sangat bermanfaat untuk trading",5,0,1.0.6,,1.0.6
"Aplikasinya bagus banget, mudah dipahami apalagi untuk semua kalangan dan bermanfaat untuk trading",5,1,1.0.6,,1.0.6
Aplikasi nya sangat bagus untuk trading,5,0,1.0.6,,1.0.6
Aplikasi sangat bermanfaat,5,0,1.0.6,,1.0.6
Good,5,0,1.0.6,,1.0.6
Aplikasi keren dan mudah digunain buat yang suka trading online,5,0,,,
"keren banget, bener bener aplikasi recomended ğŸ¤©",5,0,1.0.6,,1.0.6
Aplikasinya sangat membantu ğŸ‘ğŸ»,5,0,1.0.6,,1.0.6
aplikasinya sangat bagus,5,0,1.0.6,,1.0.6
"aplikasinya keren, mudah dipahami, dan bermanfaat banget buat trading",5,0,1.0.6,,1.0.6
Aplikasi nya keren bangeeett,5,0,1.0.6,,1.0.6
"Bagus, terima kasihğŸ‘",5,0,1.0.6,,1.0.6
aplikasi ini sangat baguss!,5,0,1.0.6,,1.0.6
Aplikasinya dapat dipahami dengan mudah dan tentunya bermanfaat,5,0,1.0.6,,1.0.6
aplikasi ini praktis sehingga mudah untuk digunakan,5,0,1.0.6,,1.0.6
Aplikasinya bagus,5,0,1.0.6,,1.0.6
Aplikasi spot by sucor sekuritas lebih mudah digunakan dari pada aplikasi lainnya dan tampilannya yang menarik,5,2,1.0.6,,1.0.6
thanks spot udah buat aku makin mudah trading online,5,0,,,
wah keren banget suka sama appnya,5,0,1.0.6,,1.0.6
"Wah tampilan di aplikasi barunya lebih enak dilihat dan fitur ya semakin banyak, terus berkembang ya sucor",5,2,1.0.6,,1.0.6
"Aplikasi yang sangat bermanfaat, tampilan nya juga lengkap dan sangat menarik",5,0,,,
Aplikasi sangat bermanfaat dan bagus ğŸ‘,5,0,1.0.6,,1.0.6
baguss sekali,5,0,1.0.6,,1.0.6
Aplikasi ini sangat bermanfaat dan mudah dipahami untuk pemulağŸ‘ğŸ‘,5,0,,,
Aplikasinya user friendly bgt krn mudah dimengerti,5,0,1.0.6,,1.0.6
aplikasinya sangat keren dan bermanfaat â˜ºï¸ğŸ˜‰,5,0,1.0.6,,1.0.6
"aplikasinya recomended banget, tampilan dan fiturnya menarik sekali dan mudah dipahami",5,2,1.0.6,,1.0.6
TERBAIKKK,5,1,1.0.6,,1.0.6
"Aplikasinya baguss, tampilannya juga baguss semoga tidak lemot",5,0,1.0.6,,1.0.6
"Aplikasi nya bagus dan nyaman digunakan, sangat membantu untuk yang masih pemula",5,0,1.0.6,,1.0.6
Tampilan menarikk dan aplikasinya ga lemotğŸ’—,5,0,1.0.6,,1.0.6
Aplikasi mudah dipakai dan informatif,5,0,1.0.6,,1.0.6
aplikasinya sangat membantu dan tampilannya menarik,5,0,1.0.6,,1.0.6
Aplikasinya sangat mudah digunakan dan fitur nya keren2 ğŸ‘,5,0,1.0.6,,1.0.6
keren aplikasinyağŸ‘ğŸ»,5,0,1.0.6,,1.0.6
"Aplikasi SPOT lebih mudah dipahami dan digunakan dari aplikasi lainnya. Tampilannya menarik, lengkap, informatif dan keren deh. Kalian harus coba pokoknya aplikasi iniğŸ‘",5,4,1.0.6,,1.0.6
"Bagus apk nya, sangat memudahkan untuk yg ingin berinvestasi atau pemula yg baru untuk mencoba. Pokonya recommended bgtt dehğŸ‘",5,5,1.0.6,,1.0.6
Keren dehh pokonya,5,0,1.0.6,,1.0.6
Bagus dan bermanfaat,5,0,1.0.6,,1.0.6
"Aplikasi yang sangat bermanfaat,kerenn",5,0,1.0.6,,1.0.6
Aplikasinya sangat membantu dan tentunya bermanfaat,5,0,1.0.6,,1.0.6
Sangat mudah dipahami untuk pengguna aplikasinya,5,0,1.0.6,,1.0.6
KBL KBL KEREN BGT LOH,5,0,,,
Aplikasi sangat bagus dan tampilannya pun menarik jadi tidak membosankan,5,0,1.0.6,,1.0.6
"Tampilannya sangat menarik, mantap",5,0,,,
APKnya bagus,5,0,,,
Sangat mantap,5,0,1.0.6,,1.0.6
Aplikasinya oke ğŸ‘ğŸ‘ğŸ‘,5,0,1.0.6,,1.0.6
Aplikasi nya bagus dan menarik dan prngampilkasiannya juga mudah dipahami ğŸ‘ğŸ˜Š,5,0,1.0.6,,1.0.6
Aplikasi ini sangat membantu dan tampilannya sangat menarik serta mudah digunakan.,5,0,1.0.6,,1.0.6
"Aplikasinya jelas, mudah di gunakan dan memiliki tampilan beranda yang menarik. Semoga sukses terus aplikasinya",5,2,,,
"Aplikasi bagus, mudah digunakan,dan untuk pemula juga mudah",5,0,,,
Aplikasi yang recomend ğŸ˜,5,0,1.0.6,,1.0.6
"Aplikasi cukup recomended, tampilan bagus dan menarik serta pengaplikasiannya mudah dipahami",5,3,1.0.6,,1.0.6
"Aplikasi nya recommended, tampilannya menarik dan bagusğŸ˜",5,1,1.0.6,,1.0.6
"Aplikasinya keren, lebih oke daripada aplikasi spot lainnya. Jauh sangat lebih baik dan keren ğŸ˜",5,3,1.0.6,,1.0.6
Aplikasi informatif tampilannya bagus menarik dan very user friendly,5,0,1.0.6,,1.0.6
paling top dah spot mah dari pada yg lain ğŸ‘,5,0,,,
bagus banget appnyaa keren,5,0,1.0.6,,1.0.6
"Aplikasinya menarik, bisa diganti background, penampilannya bagus",5,0,1.0.6,,1.0.6
"OMG, KEREN BANGET LOCH",5,1,1.0.6,,1.0.6
Aplikasi ini kerenn bgt sangat membantu dan bermanfaat untuk kita semua,5,0,1.0.6,,1.0.6
Aplikasi ini sangat mudah sekali untuk digunakan dan fitur fitur yang di sediakan juga gampang dipahamiğŸ‘,5,1,1.0.6,,1.0.6
Aplikasinya mudah digunakan dan sepertinya banyak yang menggunakan aplikasi ini,5,0,1.0.6,,1.0.6
Aplikasinya bagus,5,0,1.0.6,,1.0.6
KerenğŸ‘Œ,5,1,,,
bagus aplikasi nya,5,0,1.0.6,,1.0.6
Aplikasi nya sangat membantu untuk menonton kegiatan yang sedang di inginkan,5,1,1.0.6,,1.0.6
"aplikasinya keren sangat membantu, tampilamnya bagusğŸ‘",5,0,1.0.6,,1.0.6
"keren banget aplikasinya dan mudah di gunakan, mantapğŸ‘ğŸ»",5,0,1.0.6,,1.0.6
"APLIKASI NYA BAGUS BANGET DAN BEKERJA DENGAN BAIK,SUKA BANGETTTâ¤ï¸â¤ï¸â¤ï¸ğŸ’–",5,0,1.0.6,,1.0.6
"Sepertinya banyak pengguna yang suka, mantap",5,0,1.0.6,,1.0.6
Aplikasinya keren bangettt,5,0,1.0.6,,1.0.6
Lebih bagus tampilan nya,5,0,,,
"Masih sering lelet, sinyal di HP kencang tapi katanya koneksi gak ada",3,2,1.0.6,,1.0.6
"Aplikasi SPOT emang ngebantu banget sii, sangat recommendedğŸ‘ğŸ‘",5,0,1.0.6,,1.0.6
"sejauh ini ok, interface nya user friendly ramah untuk pemulağŸ‘",5,0,1.0.6,,1.0.6
"Kalian harus coba aplikasi spot terbaru, karena fitur lebih lengkap dan informatifğŸ‘",5,0,1.0.6,,1.0.6
"Aplikasi yg menarik, tampilan ok enak dilihat",5,0,,,
Aplikasi ini luar biasa,5,0,1.0.6,,1.0.6
"Sejauh ini bagus apknya, mantappğŸ‘",5,0,1.0.6,,1.0.6
bermanfaat bgt ğŸ‘,5,0,,,
"Emang ga salah download aplikasi sih ini, gampang dipakeğŸ‘",5,0,1.0.6,,1.0.6
Best applicationğŸ‘ğŸ»,5,1,,,
aplikasinya keren,5,0,1.0.6,,1.0.6
Aplikasi ini sangat membantu. Fiturnya juga mudah digunakan. Recommended dan jangan ragu untuk install ğŸ˜ğŸ˜,5,1,1.0.6,,1.0.6
"selama saya menggunakan aplikasi ini, aplikasi ini sangat membantu saya dan saya suka!!",5,0,1.0.6,,1.0.6
Sangat mudah digunakan,5,0,1.0.6,,1.0.6
Aplikasi yang bagus dan sangat menarik,5,0,,,
Transaksi jadi mudah dan cepat.. Mantap abizzz,5,0,1.0.6,,1.0.6
"Kalau bisa di tambahkan fitur E-IPO di aplikasinya, jadi langsung beli saham IPO langsung dari aplikasi",5,0,1.0.6,,1.0.6
"5 dulu nih, moga makin oke",5,0,1.0.6,,1.0.6
Aplikasinya bagus banget sangat membantu!,5,0,1.0.6,,1.0.6
Spot memang mantap,5,0,1.0.6,,1.0.6
Cakep nih.. So far so Good,5,0,1.0.5,,1.0.5
aplikasi yang sangat bermanfaat dan membantu,5,0,1.0.6,,1.0.6
"Aplikasi yang recommended, tampilan nya bagus dan menarikğŸ¤©",5,0,1.0.6,,1.0.6
Bagus bangetttt,5,0,1.0.6,,1.0.6
Aplikasi ini kerenn bangettt sangat membantuu sekali,5,0,1.0.6,,1.0.6
"bagus aplikasinya, tampilannya juga tidak membingungkan",5,0,,,
YNg ini lebih cepat ambil order,5,0,1.0.6,,1.0.6
Aplikasi lebih oke daripada yang spot new generation. Mantablah pokoknya yang ini,5,0,1.0.6,,1.0.6
Kapan apk versi terbaru ini bisa di gunakan.,3,0,,"Hi Cuan Trooper, berhubung dengan grand launching SPOT pada tanggal 17 May, semua nasabah sudah bisa menggunakan aplikasi kami ya! Ditunggu kabar baiknya dan jangan lupa untuk meninggalkan review agar kami dapat terus berkembang :)",
Background kl bs diubah Warna yg putih/hitam pasti lebih keren saya lebih suka putih soalnya,5,1,1.0.5,,1.0.5
Bisa d pke tgl brp yaaa,5,0,1.0.5,,1.0.5
Saya kok gak bisa daptar ya...?,3,0,1.0.4,"Hi Cuan Trooper, berhubung dengan grand launching SPOT pada tanggal 17 May, semua nasabah sudah bisa menggunakan aplikasi kami ya! Ditunggu kabar baiknya dan jangan lupa untuk meninggalkan review agar kami dapat terus berkembang :) #SpottedYou",1.0.4
Mantap.,5,0,1.0.4,Terima kasih atas kepercayaannya kepada Sucor Sekuritas! #StrongerTogether,1.0.4
"Aplikasinya Ok, tapi masih terbatas, blm layak dapat 5 bintang",4,2,1.0.4,"Hi Cuan Trooper, berhubung dengan grand launching SPOT pada tanggal 17 May, semua nasabah sudah bisa menggunakan aplikasi kami ya! Ditunggu kabar baiknya dan jangan lupa untuk meninggalkan review agar kami dapat terus berkembang :) #SpottedYou",1.0.4
Aplikasi Online Trading dengan UI/UX terbaik ğŸ‘,5,0,,Terima kasih atas kepercayaannya kepada Sucor Sekuritas!,
Sangat bagus perubahannya semoga mudah dalam pengoperasiannya jaya selalu,5,0,,,
apa bedanya sama yg satunya?,2,1,1.0.4,"Hi Cuan Trooper, berhubung dengan grand launching SPOT pada tanggal 17 May, semua nasabah sudah bisa menggunakan aplikasi kami ya! Ditunggu kabar baiknya dan jangan lupa untuk meninggalkan review agar kami dapat terus berkembang :) #SpottedYou",1.0.4
Launching kapan min ? Uda buat akun malah bisanya pake app lama,1,0,,"Hi Cuan Trooper, berhubung dengan grand launching SPOT pada tanggal 17 May, semua nasabah sudah bisa menggunakan aplikasi kami ya! Ditunggu kabar baiknya dan jangan lupa untuk meninggalkan review agar kami dapat terus berkembang :) #SpottedYou",
Easy to use and informatif,5,1,1.0.4,Terima kasih atas kepercayaan nya kepada Sucor Sekuritas! #StrongerTogether,1.0.4
Saya tunggu launchingnya Bulan Mei,5,0,1.0.4,Terima kasih atas kepercayaan nya kepada Sucor Sekuritas! #StrongerTogether,1.0.4
"Sejauh ini experiencenya bagus dan cepat, mudah2an nanti ada fitur tebus rights/warrant dan bisa pasang order di pasar negosiasi spt apps sekuritas lain",5,11,1.0.3,"Hi Cuan Troopers, thank you for your excellent feedback. If you have any other suggestions, we would love to know how we can keep improving and strengthen the trust within our community. #SpottedYou",1.0.3
Mantap sekalu,5,0,1.0.3,,1.0.3
Ramah di mata pemula,5,1,1.0.2,,1.0.2
Fitur lebih lengkap dan informatif.,5,0,1.0.2,,1.0.2
Good apps and very user friendly,5,0,1.0.1,"Hi Cuan Troopers, thank you for your excellent feedback. If you have any other suggestions, we would love to know how we can keep improving and strengthen the trust within our community. #StrongerTogether",1.0.1
"SPOT by Sucor Sekuritas aplikasi trading yg user friendly. Lebih mudah digunakan daripada aplikasi sebelumnya. Tampilan menarik, lengkap, pokoknya keren ğŸ’—ğŸ‘ğŸ‘ğŸ‘",5,17,1.0.2,,1.0.2
"Mau di coba, tapi masih akses terbatas .",3,2,1.0.1,"Hi Cuan Trooper, berhubung dengan grand launching SPOT pada tanggal 17 May, semua nasabah sudah bisa menggunakan aplikasi kami ya! Ditunggu kabar baiknya dan jangan lupa untuk meninggalkan review agar kami dapat terus berkembang :) #SpottedYou",1.0.1
"Keren, kalian harus coba aplikasi spot yang baru ini, jauh jauh sangat lebih baik dan keren ğŸ˜ğŸ¥°",5,2,1.0.1,,1.0.1
